filename,w h,rle±àÂë
100_res.png,224 224,
101_res.png,224 224,17085 1 17306 4 17530 4 17740 2 19083 2 19306 1 19986 1 20201 2 20211 1 20213 1 20424 4 20436 1 20649 1 20661 1 20873 6 20880 3 21097 3 21101 2 21104 1 21321 1 21324 2 21328 1 21545 1 21553 1 21768 3 21772 1 21777 2 21992 4 22001 1 22003 1 22216 5 22224 2 22229 1 22441 4 22453 1 22665 6 22672 1 22676 4 22685 2 22889 6 22901 1 22903 1 22905 7 23112 6 23121 1 23124 2 23127 9 23336 6 23345 2 23348 12 23558 21 23580 3 23784 22 24008 22 24232 22 24457 22 24484 1 24680 24 24905 1 24907 20 24928 2 25135 15 25151 1 25153 1 25353 1 25356 18 25377 2 25577 1 25579 1 25583 14 25599 1 25601 3 25801 5 25807 15 25824 5 26026 2 26029 23 26250 27 26474 2 26477 25 26699 27 26925 26 27145 1 27148 27 27371 27 27595 27 27821 23 28043 25 28266 1 28269 11 28281 11 28493 23 28718 8 28727 13 28941 23 29165 24 29388 25 29613 1 29615 23 29836 27 30062 25 30287 23 30511 23 30734 25 30760 1 30958 24 30983 1 31182 24 31208 1 31413 17 31637 20 31863 17 32087 17 32311 1 32313 1 32315 12 32535 3 32539 12 32758 1 32763 12 32988 10 33213 1 33216 5 33437 1 33439 1 33441 4 33887 1 34335 3 34559 2 34782 4 35006 1 35011 1 35230 2 35233 4 35458 2 35680 2 35685 1 36132 1 36355 1 36580 2 37026 1 38820 1
102_res.png,224 224,
103_res.png,224 224,
104_res.png,224 224,4091 1 4315 2 4539 1 4762 4 4986 2 4989 1 5209 1 5212 2 5433 2 5656 3 5660 3 5881 3 5885 1 6107 3 6554 5 6564 1 6566 1 6778 2 6781 3 7004 6 7231 4 7449 2 7452 9 7464 1 7673 11 7898 12 8122 8 8345 12 8358 1 8570 9 8792 10 9017 9 9239 12 9254 4 9463 9 9473 1 9478 5 9687 9 9697 1 9699 3 9703 4 9912 7 9925 1 9929 1 10126 1 10134 1 10136 19 10349 1 10360 10 10374 2 10584 10 10597 1 10808 10 11030 15 11254 15 11479 15 11704 14 11913 2 11918 2 11921 1 11926 17 12138 1 12151 16 12376 15 12392 1 12585 1 12599 16 12809 2 12812 1 12814 4 12822 20 13033 3 13037 1 13041 1 13047 17 13065 1 13257 5 13263 1 13265 1 13271 15 13287 2 13482 4 13495 16 13706 8 13718 17 13930 7 13942 17 14153 8 14165 17 14184 1 14377 7 14391 7 14399 7 14409 1 14601 33 14825 33 15049 29 15079 3 15274 31 15498 33 15722 32 15947 31 16170 1 16172 10 16183 17 16394 1 16396 30 16619 31 16842 32 17066 32 17290 32 17515 29 17740 6 17747 22 17965 5 17973 17 18188 30 18411 7 18419 1 18421 19 18441 1 18443 1 18635 7 18643 26 18858 6 18869 15 18885 2 18888 3 19082 8 19092 25 19306 7 19317 15 19333 6 19531 7 19540 2 19543 11 19556 6 19758 2 19767 11 19785 1 19980 23 20004 1 20008 2 20202 6 20209 17 20227 1 20231 1 20233 1 20426 24 20451 3 20457 1 20650 21 20677 1 20681 1 20874 23 20898 5 20904 3 21098 22 21121 2 21125 2 21324 22 21347 3 21352 2 21548 2 21553 2 21557 1 21559 5 21565 1 21567 4 21573 1 21577 1 21772 2 21777 24 21995 3 22001 1 22003 1 22006 7 22014 10 22025 1 22219 3 22227 15 22243 3 22442 4 22453 11 22469 1 22666 4 22676 15 22692 3 22890 2 22901 11 22914 1 22918 1 23116 1 23125 9 23136 2 23140 2 23351 5 23361 1 23369 1 23566 1 23568 2 23572 11 23584 9 23791 2 23795 1 23797 9 23809 1 23811 4 23816 2 24014 4 24019 11 24033 1 24035 3 24040 1 24239 1 24241 1 24245 9 24259 1 24462 4 24467 20 24687 1 24694 13 24709 2 24913 1 24919 11 24932 2 25145 5 25152 2 25157 1 25368 16 25593 9 25603 4 25812 2 25817 5 25827 3 26043 1 26045 1 26266 5 26276 1 26278 1 30746 1 30969 3 31195 2 31645 1 38373 1 38813 2 39260 2 40164 2 40612 1 41052 1 41061 1 41502 1 41508 1 41510 1 41512 2 41735 1 41956 2 42398 1 42406 1 43297 1 44189 2 44196 1 44198 1 44413 2 44636 2 44640 1 45084 2 45094 1 45096 1 45307 3 45531 3 45978 5 46205 1
105_res.png,224 224,14385 1 15051 1 28480 2 28705 1 28928 5 29153 4 29376 6 29601 1 29603 1 29605 1 29823 1 29825 6 29832 1 30047 5 30053 1 30055 1 30269 1 30271 7 30280 2 30494 8 30505 1 30716 15 30732 1 30734 1 30939 17 30957 1 31163 19 31188 1 31387 19 31610 22 31637 1 31834 10 31845 12 32057 23 32085 1 32281 19 32301 1 32303 1 32504 23 32533 1 32729 21 32751 1 32758 1 32953 24 32981 1 32984 1 33178 24 33205 2 33208 2 33402 33 33436 1 33441 1 33626 36 33848 38 33888 2 34072 38 34111 3 34294 41 34336 4 34517 41 34561 3 34736 1 34740 41 34784 5 34960 2 34963 43 35009 1 35011 1 35182 57 35407 47 35455 5 35461 1 35632 54 35856 3 35861 41 35903 7 36078 57 36302 4 36307 51 36526 56 36750 57 36973 60 37197 60 37420 61 37645 59 37868 61 38093 59 38316 60 38541 6 38549 49 38764 7 38772 51 38989 6 38997 50 39214 56 39439 55 39662 58 39886 57 40110 59 40335 57 40558 59 40782 58 41006 59 41231 57 41289 1 41454 60 41679 59 41905 1 41907 51 41959 3 42133 49 42350 1 42357 50 42574 1 42581 51 42805 41 42848 8 43030 36 43075 1 43077 1 43249 2 43252 41 43297 5 43475 1 43477 39 43521 1 43523 1 43525 1 43700 42 43747 3 43925 41 44149 41 44196 2 44374 40 44598 40 44645 1 44822 38 44861 1 45046 40 45270 40 45315 1 45496 38 45540 2 45720 36 45757 1 45944 38 45987 3 46168 34 46214 1 46392 34 46436 2 46616 34 46840 34 46882 4 46888 1 47064 34 47106 5 47288 37 47329 5 47335 2 47513 35 47553 5 47736 47 47960 36 47997 2 48002 1 48184 30 48216 7 48224 2 48408 28 48437 1 48439 4 48630 37 48668 1 48670 1 48672 1 48854 38 49079 35 49304 32 49337 1 49531 2 49540 1 49545 4
106_res.png,224 224,
107_res.png,224 224,
10_res.png,224 224,2970 3 3416 2 3420 2 3645 1 3862 1 3865 6 4075 1 4089 5 4095 1 4312 9 4537 7 4746 1 4748 1 4761 9 4970 2 4985 9 5193 1 5197 1 5208 10 5224 2 5431 11 5447 3 5654 13 5668 9 5879 9 5889 1 5891 3 5895 5 6092 2 6100 25 6317 1 6325 10 6337 1 6339 8 6540 3 6548 24 6765 1 6773 22 6988 6 6996 22 7214 4 7220 22 7437 30 7659 1 7661 1 7663 29 7883 34 8109 1 8111 5 8117 23 8173 1 8330 36 8394 5 8555 1 8557 32 8618 5 8777 1 8780 6 8787 27 8841 9 9005 5 9012 24 9065 8 9225 36 9272 1 9289 9 9437 1 9449 36 9513 9 9661 1 9665 1 9669 1 9673 37 9737 9 9747 2 9897 9 9907 25 9961 10 10113 2 10116 3 10120 39 10170 1 10185 12 10198 1 10342 40 10410 9 10420 1 10565 1 10567 11 10579 27 10617 1 10633 11 10645 1 10792 36 10829 1 10841 1 10858 8 11012 43 11064 2 11081 10 11237 41 11305 9 11452 1 11460 42 11528 10 11677 1 11686 40 11752 8 11761 1 11899 5 11909 42 11961 2 11964 1 11976 10 12125 3 12133 43 12186 1 12201 8 12348 6 12357 44 12408 2 12424 10 12441 1 12572 4 12577 1 12583 39 12623 1 12625 1 12633 1 12648 10 12665 1 12794 1 12796 6 12804 47 12856 3 12872 11 12888 3 13018 6 13025 1 13027 47 13075 1 13081 1 13083 1 13095 9 13105 1 13107 1 13113 1 13243 3 13251 47 13300 2 13306 3 13320 14 13337 1 13477 45 13545 6 13553 1 13561 1 13700 46 13750 1 13754 5 13769 8 13782 1 13784 3 13925 45 13979 1 13981 1 13983 1 13993 7 14007 1 14150 44 14201 1 14205 1 14217 1 14219 3 14233 1 14375 39 14425 1 14441 3 14445 1 14596 1 14598 41 14649 1 14665 2 14668 2 14822 40 14873 1 14889 3 15047 39 15092 2 15097 1 15099 1 15112 2 15115 3 15270 1 15272 38 15321 2 15325 1 15338 1 15340 2 15494 45 15540 3 15544 7 15558 1 15560 7 15568 2 15711 1 15718 43 15762 1 15767 5 15773 1 15783 1 15785 7 15802 1 15935 3 15943 43 15988 2 15992 6 15999 3 16008 6 16015 3 16021 1 16025 1 16029 1 16159 1 16161 1 16168 43 16215 6 16223 3 16231 5 16237 1 16239 3 16249 1 16381 5 16390 47 16438 12 16454 15 16472 3 16478 1 16605 3 16609 1 16614 46 16661 1 16663 11 16679 14 16695 5 16701 1 16827 6 16836 2 16840 45 16887 11 16900 2 16904 14 16920 4 17053 3 17062 1 17064 43 17111 9 17121 1 17127 12 17141 1 17145 2 17149 1 17275 7 17285 2 17288 43 17332 1 17334 12 17350 1 17352 13 17366 1 17368 5 17374 1 17498 1 17501 3 17510 1 17512 43 17558 11 17574 13 17591 1 17593 3 17597 3 17729 1 17736 42 17780 2 17783 11 17797 1 17800 10 17811 3 17816 2 17820 6 17960 42 18009 3 18013 1 18015 1 18017 1 18023 12 18037 1 18041 2 18045 3 18176 2 18182 61 18244 19 18264 3 18270 1 18401 1 18408 44 18453 1 18455 7 18463 1 18465 1 18467 1 18471 11 18483 1 18485 1 18489 3 18624 2 18632 42 18675 3 18680 6 18687 1 18689 1 18693 1 18696 10 18708 2 18712 5 18856 42 18901 1 18905 5 18922 6 18929 1 18937 3 19070 4 19078 45 19124 3 19129 5 19145 8 19161 4 19302 44 19354 2 19370 6 19385 3 19520 1 19527 43 19573 1 19577 1 19593 1 19595 4 19600 2 19605 1 19609 1 19751 43 19801 1 19817 2 19825 1 19833 1 19965 2 19974 43 20025 2 20040 3 20044 10 20057 2 20061 6 20188 3 20197 42 20251 1 20265 3 20269 9 20279 1 20281 1 20283 1 20285 7 20412 2 20421 42 20468 2 20475 3 20485 1 20489 13 20505 10 20646 41 20701 1 20714 1 20716 8 20725 1 20729 1 20733 2 20869 43 20916 1 20918 1 20922 6 20929 6 20937 14 20952 8 20961 2 21093 43 21146 2 21149 7 21157 27 21320 39 21364 2 21369 1 21371 39 21545 2 21548 34 21589 1 21593 1 21595 1 21597 33 21633 1 21768 3 21772 35 21810 1 21812 2 21816 3 21820 35 21857 2 21992 40 22033 1 22035 1 22037 1 22041 3 22045 1 22047 31 22081 1 22216 41 22260 2 22265 37 22440 39 22490 10 22501 1 22504 4 22509 1 22511 1 22513 1 22517 1 22521 2 22662 1 22664 40 22705 1 22713 14 22728 7 22736 5 22742 1 22888 40 22937 10 22951 5 22959 4 23112 41 23160 2 23163 7 23172 2 23176 13 23336 41 23383 11 23397 15 23559 43 23608 30 23641 2 23645 1 23784 41 23832 12 23845 17 23863 3 23867 1 24008 42 24056 38 24233 40 24280 38 24457 41 24502 1 24504 39 24681 40 24727 39 24767 1 24904 42 24949 43 24993 1 25129 39 25169 1 25174 40 25217 1 25352 42 25397 42 25441 2 25576 40 25617 1 25622 40 25667 1 25800 42 25845 1 25847 39 26024 40 26072 12 26085 11 26097 1 26099 9 26109 1 26236 1 26238 2 26246 1 26248 42 26294 1 26296 38 26462 3 26470 44 26519 12 26534 23 26685 4 26693 1 26695 43 26741 13 26756 25 26785 1 26910 4 26919 41 26961 1 26966 8 26975 3 26982 22 27134 4 27140 47 27189 14 27204 26 27233 2 27357 5 27364 43 27413 13 27427 27 27457 1 27459 1 27579 7 27587 43 27633 1 27637 8 27646 31 27681 4 27804 5 27813 43 27864 3 27871 29 27901 1 27905 3 28026 55 28086 1 28088 4 28093 35 28129 4 28250 1 28253 6 28261 44 28311 5 28317 39 28477 5 28484 46 28533 1 28537 44 28703 3 28709 1 28711 39 28751 1 28753 1 28759 1 28761 43 28926 52 28984 45 29150 7 29158 44 29208 38 29247 6 29372 1 29375 3 29379 3 29384 42 29432 45 29599 3 29606 1 29608 42 29661 39 29820 7 29828 47 29877 2 29882 1 29884 41 30045 6 30053 46 30102 2 30106 2 30109 39 30268 6 30276 96 30492 6 30503 93 30714 107 30939 105 31163 106 31387 100 31488 4 31610 106 31835 8 31845 89 31935 1 31937 2 32060 6 32068 62 32131 23 32155 3 32160 2 32289 1 32293 57 32351 25 32377 1 32512 91 32736 62 32799 23 32823 3 32827 1 32960 93 33184 2 33189 74 33265 1 33406 84 33497 4 33631 2 33634 78 33722 1 33854 4 33859 79 33941 1 33944 2 34078 1 34081 81 34169 1 34301 93 34523 1 34525 91 34617 1 34747 95 34973 90 35194 93 35418 93 35644 70 35716 18 35865 1 35868 70 35942 16 36092 70 36165 18 36315 71 36387 1 36389 17 36540 70 36612 18 36632 1 36765 67 36837 15 36853 1 36988 68 37057 1 37059 20 37080 3 37211 69 37282 1 37284 16 37301 2 37305 3 37435 71 37509 17 37528 2 37536 2 37659 71 37734 13 37752 3 37759 3 37882 73 37956 31 38107 71 38179 1 38181 15 38197 1 38199 7 38207 5 38330 76 38407 15 38424 12 38555 69 38625 1 38629 2 38632 12 38649 3 38653 1 38657 1 38778 70 38849 1 38851 32 39005 67 39077 14 39097 3 39101 4 39228 66 39297 1 39301 13 39316 2 39320 2 39324 2 39453 65 39527 7 39537 1 39545 1 39549 1 39674 1 39676 66 39749 14 39764 1 39766 1 39768 6 39899 1 39901 64 39975 8 39985 1 39991 6 40125 65 40197 9 40207 3 40212 10 40353 3 40357 1 40360 44 40405 1 40407 7 40424 7 40433 1 40437 2 40441 5 40574 1 40577 64 40649 14 40665 6 40807 44 40855 10 40873 10 40885 10 41021 1 41023 3 41028 46 41077 13 41096 10 41108 2 41111 10 41253 1 41255 42 41302 10 41313 1 41320 3 41324 6 41335 11 41466 1 41469 4 41476 47 41524 14 41544 11 41557 14 41691 1 41693 1 41695 1 41699 45 41747 13 41767 11 41781 1 41783 13 41916 52 41969 1 41971 15 41989 1 41992 10 42004 2 42007 11 42141 51 42195 9 42205 1 42217 6 42237 1 42364 52 42419 9 42438 1 42441 6 42459 1 42589 51 42643 9 42667 1 42669 2 42812 52 42868 2 42871 3 42892 2 42909 1 42917 1 43037 49 43092 2 43095 1 43261 50 43313 2 43316 1 43321 1 43340 2 43483 1 43485 1 43487 1 43489 13 43503 31 43538 2 43545 1 43563 1 43711 8 43720 38 43761 4 43768 2 43788 2 43937 1 43944 4 43949 1 43951 31 44160 3 44166 45 44212 1 44236 1 44392 43 44609 1 44616 43 44661 1 44833 1 44840 42 45056 2 45062 1 45064 42 45287 39 45327 1 45329 1 45505 1 45512 39 45552 1 45737 35 45958 1 45961 38 46186 9 46197 22 46408 2 46411 7 46420 22 46633 2 46640 2 46644 22 46854 5 46860 1 46862 29 46892 1 46898 1 47078 6 47085 1 47087 15 47103 13 47301 1 47303 7 47312 29 47348 2 47525 1 47528 6 47535 29 47748 43 47794 3 47971 1 47973 2 47976 4 47981 31 48013 1 48196 2 48199 4 48204 31 48240 2 48418 2 48424 3 48428 31 48465 1 48641 42 48686 5 48865 42 48911 1 48913 3 49089 5 49095 31 49127 4 49136 2 49141 1 49314 2 49317 1 49320 2 49323 1 49325 1 49328 20 49349 1 49353 1 49556 1 49558 2 49561 1 49563 1
11_res.png,224 224,
12_res.png,224 224,
13_res.png,224 224,
14_res.png,224 224,
15_res.png,224 224,26235 2 26246 1 26248 5 26262 1 26470 6 26490 1 26493 1 26688 2 26692 2 26695 4 26704 1 26712 2 26715 3 26912 11 26929 1 26937 2 26940 2 27133 17 27153 2 27156 1 27158 5 27164 2 27355 1 27357 17 27377 1 27379 1 27384 4 27389 2 27580 18 27599 1 27604 2 27608 3 27612 2 27803 1 27805 21 27829 1 27831 4 27837 1 28026 37 28249 37 28472 38 28695 39 28917 41 29141 41 29364 42 29589 42 29635 1 29811 45 29858 3 30036 49 30260 50 30485 49 30536 1 30708 54 30931 55 31155 55 31376 58 31598 60 31822 60 32045 61 32271 61 32493 63 32717 63 32939 65 33164 64 33387 66 33611 66 33835 67 34059 66 34283 67 34507 67 34731 67 34957 65 35181 66 35405 67 35630 68 35855 67 36078 68 36301 68 36371 1 36525 69 36596 2 36750 66 36817 1 36819 1 36821 1 36973 73 37197 71 37422 68 37492 1 37496 2 37646 68 37720 2 37869 69 37940 1 37943 3 38093 73 38167 1 38317 73 38541 73 38765 73 38990 70 39214 69 39284 1 39439 67 39507 2 39662 67 39730 5 39886 67 39954 5 40110 67 40178 4 40184 1 40334 66 40401 6 40409 1 40557 74 40782 64 40849 3 40853 2 40859 1 41007 62 41072 2 41231 62 41455 62 41678 63 41902 64 41972 2 42126 64 42197 1 42350 67 42418 5 42576 65 42642 1 42645 4 42800 66 42868 4 43024 67 43092 4 43246 75 43471 73 43695 74 43919 72 44142 73 44366 73 44590 73 44814 4 44819 68 45038 4 45044 67 45262 4 45267 68 45487 2 45491 67 45713 69 45937 70 46162 65 46229 1 46385 1 46387 63 46611 59 46671 1 46673 1 46833 1 46835 66 46904 1 47059 65 47129 1 47283 66 47352 2 47508 66 47577 1 47732 70 47957 69 48181 66 48248 2 48405 62 48629 64 48852 63 49077 62 49303 55 49531 3 49535 46 49770 1 49778 1 49781 7 49789 1 49793 2 49797 1
16_res.png,224 224,15514 3 20892 1 26266 1 27160 1 27162 1 27385 1 28954 1 29179 1 29402 3 29627 1 29850 4 30074 2 30521 1 30744 3 30969 3 31192 5 31417 2 31638 1 31640 5 31862 1 31864 4 32089 1 32313 1 32537 2 34555 1 34765 1 34780 2 34989 1 35001 1 35211 4 35222 1 35224 6 35435 1 35437 1 35447 5 35453 1 35660 2 35669 1 35671 3 35676 2 35895 4 36120 3 36124 1 36344 2 36347 1 36568 2 36572 1 37018 3 37243 1 37465 1 37469 1 37689 1 37912 2 38135 3 38356 1 38359 3 38364 1 38584 2 38805 8 39030 5 39253 5 39479 1 39481 1 39704 2 39929 1 41502 1 41941 1 42165 1 42389 2 42837 1
17_res.png,224 224,
18_res.png,224 224,
19_res.png,224 224,
1_res.png,224 224,
20_res.png,224 224,
21_res.png,224 224,
22_res.png,224 224,
23_res.png,224 224,6558 1 6562 9 6786 2 6789 6 7012 6 7237 6 7458 9 7682 10 7906 4 7911 6 8130 4 8136 5 8354 4 8360 7 8577 4 8585 3 8589 1 8801 1 8809 1 8811 3 9033 3 9240 1 9242 5 9256 6 9466 6 9479 7 9688 8 9703 7 9910 9 9928 4 10134 10 10150 7 10357 14 10375 1 10377 3 10581 13 10600 2 10805 13 10824 2 11029 13 11046 5 11252 14 11271 4 11476 14 11491 2 11496 3 11701 9 11712 6 11720 3 11924 1 11926 9 11936 7 11944 3 12151 15 12169 1 12376 14 12392 2 12599 15 12615 3 12822 20 13046 20 13269 1 13271 19 13497 17 13714 1 13721 18 13938 1 13945 17 14168 18 14391 15 14407 1 14409 1 14615 16 14632 2 14839 15 15064 14 15080 1 15288 6 15295 7 15513 14 15737 5 15744 4 15749 1 15961 3 15968 2 15972 2 16193 1 16416 2 16640 1 16864 1
24_res.png,224 224,
25_res.png,224 224,4762 3 4986 1 4989 1 5212 1 8350 1 8352 1 8573 3 8796 2 8799 3 9248 1 10126 1 10138 5 10150 1 10362 2 10365 2 10588 2 10592 1 10597 1 10809 1 11032 3 11038 1 11040 5 11257 3 11263 1 11267 1 11466 2 11480 6 11489 1 11491 3 11689 3 11706 4 11717 1 11913 6 11929 14 12137 6 12153 15 12352 1 12360 9 12376 18 12584 6 12591 1 12599 15 12617 1 12797 4 12806 13 12820 22 13022 1 13027 1 13029 11 13041 1 13043 1 13045 19 13245 1 13252 10 13263 3 13267 23 13477 12 13493 19 13693 5 13700 3 13704 34 13918 3 13929 3 13933 6 13941 21 14144 2 14152 2 14155 7 14164 18 14183 3 14369 1 14377 1 14382 4 14389 1 14391 15 14407 1 14409 1 14600 3 14604 30 14825 31 14857 1 15049 5 15055 23 15079 3 15275 1 15277 1 15280 24 15498 1 15500 29 15706 1 15722 1 15726 26 15949 1 15951 23 16169 1 16175 1 16177 2 16181 15 16197 1 16382 1 16392 1 16394 1 16398 25 16622 26 16832 1 16844 26 17053 1 17057 1 17069 19 17091 3 17278 3 17292 20 17313 1 17315 4 17501 3 17517 1 17519 1 17521 1 17525 3 17529 5 17745 1 17752 2 17756 2 17977 1 18193 1 18198 1 18200 5 18411 1 18419 1 18425 3 18635 3 18640 2 18644 2 18648 5 18859 1 18861 1 18865 1 18873 4 19082 13 19097 4 19306 9 19322 1 19532 7 19540 2 19545 1 19756 7 19769 1 19980 9 19990 4 20203 10 20215 1 20428 2 20431 7 20440 2 20653 1 20657 1 20661 1 20882 1 20884 3 20888 3 21109 1 21333 1 21784 1 22906 1
26_res.png,224 224,44186 1 44857 1 45079 4 45302 6 45528 5 45754 1 45972 2 45978 1
27_res.png,224 224,
28_res.png,224 224,
29_res.png,224 224,8330 7 8554 9 8617 3 8775 11 8788 2 8998 1 9000 10 9013 1 9065 1 9221 18 9240 1 9242 1 9290 1 9445 19 9465 3 9513 3 9555 1 9668 26 9701 1 9736 4 9777 3 9893 1 9898 20 9961 2 10001 2 10114 5 10122 21 10148 5 10184 4 10190 1 10206 4 10218 4 10224 4 10229 2 10233 1 10341 3 10347 22 10373 5 10407 1 10409 3 10415 1 10429 6 10437 1 10441 2 10444 2 10447 4 10453 1 10455 1 10564 6 10571 23 10596 6 10639 3 10653 14 10668 14 10789 1 10791 35 10863 2 10876 15 10892 1 10895 11 11010 1 11012 39 11086 3 11098 33 11229 1 11231 1 11235 41 11309 4 11321 22 11345 10 11452 4 11457 1 11459 40 11532 6 11540 2 11544 22 11569 9 11675 1 11677 1 11681 1 11685 38 11755 34 11794 7 11897 49 11979 36 12018 6 12120 49 12201 11 12213 23 12237 2 12241 7 12344 46 12425 10 12438 20 12459 3 12464 2 12468 3 12568 46 12649 1 12651 8 12662 20 12685 1 12688 2 12693 1 12792 47 12874 9 12885 26 12913 2 12916 2 13015 48 13099 34 13134 1 13137 5 13239 50 13308 1 13322 35 13362 3 13463 50 13546 33 13686 52 13756 3 13770 35 13810 1 13910 53 13978 1 13981 2 13993 34 14038 3 14134 54 14204 3 14208 1 14216 34 14252 1 14261 1 14263 1 14357 54 14429 1 14433 1 14440 34 14482 3 14580 55 14649 2 14652 3 14656 3 14660 39 14700 1 14702 1 14704 6 14711 4 14803 57 14875 4 14881 43 14925 13 15028 57 15099 3 15104 58 15251 58 15325 1 15328 58 15474 60 15541 2 15546 1 15548 63 15698 58 15770 1 15774 61 15923 58 15999 59 16147 57 16223 57 16281 1 16370 1 16372 58 16441 65 16595 58 16665 1 16667 59 16738 1 16819 59 16891 3 16896 54 17043 59 17120 54 17266 61 17340 59 17489 62 17563 1 17565 57 17713 62 17788 2 17791 19 17811 23 17835 11 17848 1 17937 61 18015 19 18037 21 18061 1 18064 7 18073 1 18161 63 18225 1 18230 1 18232 26 18260 22 18284 1 18287 12 18385 61 18447 3 18451 1 18456 5 18462 18 18485 21 18512 10 18609 69 18679 24 18708 22 18736 7 18745 1 18833 67 18902 24 18933 20 18961 2 18965 1 19058 93 19156 22 19184 2 19188 1 19281 67 19349 15 19365 10 19381 19 19507 63 19571 3 19576 6 19583 4 19588 10 19605 18 19730 1 19732 62 19800 3 19807 4 19813 1 19815 7 19831 15 19954 93 20055 15 20178 64 20243 12 20257 15 20280 14 20402 76 20480 6 20488 6 20505 13 20626 66 20693 9 20704 4 20709 1 20712 6 20729 11 20850 91 20954 9 20964 1 21072 67 21141 3 21146 7 21154 1 21158 5 21178 9 21297 65 21363 1 21365 1 21371 7 21381 1 21403 6 21521 66 21595 5 21745 68 21814 1 21816 8 21825 1 21852 2 21968 68 22040 7 22056 1 22075 2 22190 72 22263 7 22277 1 22299 2 22413 1 22415 68 22489 5 22637 70 22708 3 22713 5 22748 1 22861 1 22863 68 22934 1 22938 4 23087 67 23163 3 23312 66 23385 1 23387 1 23536 77 23760 77 23984 76 24209 65 24275 5 24281 2 24433 74 24656 67 24725 4 24880 64 24945 1 24948 2 25105 2 25108 58 25326 1 25332 58 25394 1 25552 1 25554 59 25774 1 25776 62 25998 64 26222 65 26445 66 26670 64 26894 62 26957 1 27118 65 27192 1 27342 2 27345 62 27568 62 27636 2 27792 62 28015 63 28238 64 28462 62 28685 61 28909 62 29133 63 29357 63 29581 63 29806 63 30030 62 30254 60 30478 60 30702 61 30926 62 31150 63 31374 62 31598 63 31822 61 32046 60 32270 58 32329 1 32494 61 32717 62 32941 62 33165 62 33389 62 33613 62 33837 57 33895 3 34062 54 34117 1 34119 3 34285 61 34509 61 34733 61 34957 57 35015 1 35181 58 35405 57 35630 53 35854 48 35903 1 35905 1 36078 49 36128 2 36301 49 36351 3 36525 52 36749 52 36802 2 36975 54 37198 55 37422 5 37428 48 37646 4 37654 45 37870 3 37877 46 38094 1 38100 47 38324 46 38371 3 38549 45 38595 3 38774 50 38999 1 39001 26 39029 12 39043 5 39224 22 39248 2 39253 10 39268 2 39447 23 39473 1 39477 9 39670 40 39718 1 39894 25 39921 13 39941 1 40117 25 40144 2 40148 10 40341 2 40344 22 40373 9 40564 3 40569 23 40596 10 40613 1 40793 22 40821 9 41017 1 41019 19 41045 1 41047 7 41241 1 41244 18 41271 7 41462 1 41464 23 41493 9 41510 1 41687 1 41689 20 41717 9 41733 1 41912 21 41941 8 42137 19 42167 7 42358 1 42360 21 42382 1 42390 7 42585 19 42614 6 42809 1 42812 14 42837 1 42839 3 43038 10 43049 2 43264 11 43284 3 43289 1 43489 5 43497 2 43507 2 43510 5 43715 3 43721 1 43731 8 43955 1 43957 6 44169 1 44177 10 44405 6 44625 1 44630 1 45057 1 45080 2 45304 3 45515 1 45528 2 45962 2 45978 3 46202 4 46409 1 46633 1 46649 1 46873 1 47098 1
2_res.png,224 224,37912 2 40602 1 41056 2 41281 1 41502 1 41504 2 42396 1 43290 1
30_res.png,224 224,
31_res.png,224 224,3397 1 3621 1 3841 4 3860 3 3864 3 4065 4 4083 1 4085 2 4089 1 4288 5 4297 2 4307 3 4312 1 4314 2 4513 2 4520 2 4531 3 4538 1 4736 2 4744 7 4753 11 4967 5 4973 2 4977 11 5191 3 5195 16 5415 20 5436 1 5636 25 5859 26 6083 27 6301 2 6307 27 6524 36 6747 39 6971 39 7192 4 7197 37 7414 1 7416 43 7639 40 7680 4 7864 38 7903 3 7907 1 8088 38 8128 1 8308 51 8533 2 8536 44 8581 2 8756 47 8804 2 8981 1 8984 38 9023 4 9205 50 9429 50 9652 50 9877 49 10100 4 10105 47 10323 53 10548 51 10772 5 10778 44 10996 3 11002 47 11219 5 11226 45 11273 1 11444 3 11448 1 11450 44 11495 3 11669 2 11672 46 11719 1 11892 52 12116 52 12340 52 12565 49 12788 53 13012 54 13236 53 13460 54 13684 55 13906 57 14131 55 14356 54 14580 54 14803 56 15027 56 15249 58 15473 58 15697 57 15920 58 16144 58 16368 58 16592 59 16815 60 17040 59 17263 61 17488 59 17712 60 17936 59 18159 61 18383 61 18606 63 18829 1 18831 62 19055 62 19280 61 19504 60 19728 58 19952 59 20176 60 20400 60 20624 59 20848 58 21072 57 21296 55 21520 54 21744 55 21967 54 22022 1 22191 56 22415 55 22638 56 22863 56 23086 57 23311 56 23534 57 23759 55 23983 55 24207 55 24430 57 24654 58 24879 56 25103 56 25325 58 25549 58 25772 59 25832 1 25997 60 26220 61 26442 2 26445 61 26668 65 26892 62 27117 65 27340 62 27403 1 27564 63 27789 62 28013 61 28237 61 28460 62 28684 62 28908 63 29131 65 29203 1 29356 63 29428 2 29580 63 29804 62 29869 2 30028 62 30095 1 30097 2 30252 62 30317 1 30320 2 30475 63 30545 1 30699 64 30768 4 30923 66 30993 4 31147 67 31217 4 31372 66 31441 3 31595 1 31597 65 31665 3 31821 65 31889 3 32045 65 32114 1 32270 62 32339 1 32494 63 32562 4 32718 62 32786 4 32942 62 33010 4 33166 62 33233 5 33390 62 33457 6 33613 63 33681 5 33838 61 33905 1 33907 3 34062 60 34128 2 34131 3 34286 5 34292 55 34351 7 34360 1 34362 1 34510 4 34515 69 34585 2 34734 4 34739 58 34798 15 34958 4 34963 59 35023 14 35183 78 35406 79 35630 4 35635 74 35854 4 35860 72 36078 79 36302 78 36526 78 36750 78 36974 78 37198 78 37422 78 37646 78 37870 78 38094 78 38318 79 38542 79 38766 79 38990 78 39214 76 39438 76 39662 77 39886 77 40110 78 40334 77 40558 79 40782 78 41006 78 41230 78 41457 1 41459 73 41683 73 41908 72 42132 72 42356 71 42581 70 42804 70 43028 70 43252 73 43475 74 43699 74 43924 71 44146 73 44370 73 44596 1 44598 68 44822 68 45045 70 45269 71 45492 72 45718 69 45941 70 46166 69 46390 1 46392 67 46621 62 46844 65 47067 1 47069 63 47292 64 47516 64 47738 67 47962 66 48185 1 48188 62 48409 1 48412 62 48632 3 48636 63 48856 67 49081 61 49143 3 49307 1 49309 7 49317 47 49546 4 49551 27 49794 1
32_res.png,224 224,
33_res.png,224 224,
34_res.png,224 224,
35_res.png,224 224,
36_res.png,224 224,
37_res.png,224 224,
38_res.png,224 224,11930 1 12825 1 17530 1 17977 1 18200 3 18423 4 18647 6 18872 1 18875 1 19093 2 19097 6 19319 1 19322 4 19544 2 19548 1 19768 2 19990 5 20211 1 20214 1 20216 3 20435 3 20440 3 20661 1 20665 2 20878 2 20883 4 20888 1 20890 1 21109 2 21777 2 21780 3 22001 6 22225 5 22232 5 22449 3 22453 1 22456 4 22461 1 22669 18 22692 2 22894 17 23120 2 23124 10 23136 1 23349 7 23569 1 23572 11 23795 11 24019 11 24245 9 24468 3 24472 7 24694 1 24697 3 24701 1 24920 2 24924 2 25145 1 25366 5 25372 2 25590 1 25592 5 25813 1 25816 6 26042 5 26260 1 26266 8 26490 8 26713 1 26716 6 26937 1 26942 4 27160 3 27164 6 27385 7 27393 1 27609 1 27611 3 29404 1
39_res.png,224 224,
3_res.png,224 224,
40_res.png,224 224,
41_res.png,224 224,
42_res.png,224 224,
43_res.png,224 224,
44_res.png,224 224,25369 1 28969 1 29192 1 29416 1 31693 1 31918 1 33210 1 33434 2 33658 1 34328 2 35225 4 35450 2 35673 1 35897 1 36121 1 36345 1
45_res.png,224 224,
46_res.png,224 224,24109 1 24333 1 24554 1 24556 3 24779 4 25004 3 25227 5 25450 5 25457 1 25674 6 25898 4 26122 4 26128 2 26266 7 26345 9 26490 1 26493 4 26570 2 26573 6 26716 2 26719 1 26777 1 26792 1 26795 7 26941 1 27014 1 27018 8 27164 3 27225 2 27237 2 27241 10 27387 3 27461 13 27611 2 27673 1 27685 2 27688 10 27837 1 27909 2 27913 1 27915 5 27921 1 28060 2 28108 2 28121 5 28133 3 28138 10 28357 3 28361 9 28573 1 28581 13 28793 1 28805 14 28954 1 29002 1 29004 1 29009 2 29017 4 29028 17 29180 1 29227 2 29238 1 29241 4 29253 16 29404 1 29451 3 29457 1 29464 6 29478 15 29627 1 29688 6 29702 1 29705 11 29850 5 29905 1 29912 7 29920 1 29930 11 30074 1 30077 2 30135 11 30150 1 30153 12 30300 3 30304 1 30361 1 30363 6 30375 1 30377 12 30524 2 30527 1 30586 6 30593 1 30598 13 30748 3 30752 1 30761 1 30809 8 30822 14 30972 1 30974 1 31032 8 31046 12 31256 9 31272 6 31279 3 31480 8 31498 1 31501 1 31642 2 31697 1 31702 12 31721 6 31729 1 31731 1 31866 1 31901 1 31921 1 31927 12 31943 1 31946 2 31951 1 31954 1 32145 1 32151 19 32176 2 32179 3 32369 1 32374 20 32401 5 32592 27 32621 1 32625 5 32817 29 32849 5 33037 1 33041 33 33075 3 33261 1 33265 3 33269 18 33289 9 33435 1 33450 1 33485 26 33513 12 33658 1 33674 1 33690 1 33709 25 33737 10 33933 25 33961 9 34120 2 34158 14 34173 7 34182 1 34186 8 34330 1 34344 2 34380 26 34409 10 34555 1 34586 1 34603 27 34631 11 34827 27 34855 11 35052 4 35057 3 35061 15 35077 1 35079 10 35230 1 35275 5 35281 32 35499 3 35503 1 35505 1 35509 28 35724 6 35733 29 35953 1 35957 29 36172 7 36180 30 36395 1 36397 1 36401 1 36405 11 36417 1 36419 1 36421 13 36619 3 36628 10 36639 2 36644 14 36843 3 36853 2 36857 6 36869 2 36872 1 36874 1 36876 6 37065 6 37076 1 37078 1 37081 15 37097 10 37291 1 37294 1 37306 2 37309 3 37314 2 37317 3 37322 9 37528 2 37533 1 37535 3 37540 3 37545 1 37547 7 37705 1 37753 1 37760 2 37765 2 37769 2 37772 2 37775 1 37777 2 37929 1 37966 1 37974 5 37982 5 37988 3 37992 11 38187 1 38195 1 38199 1 38201 1 38203 1 38207 1 38209 3 38213 10 38225 2 38410 1 38412 2 38417 1 38419 3 38423 3 38428 2 38432 2 38435 11 38448 3 38637 1 38645 1 38649 1 38858 6 38868 2 38874 5 39325 1
47_res.png,224 224,
48_res.png,224 224,
49_res.png,224 224,
4_res.png,224 224,3841 2 4066 1 6526 1 7430 1 8321 1 8326 1 8330 3 8342 1 8346 2 8554 2 8570 1 8769 1 8776 2 9001 1 9214 1 9216 2 9220 7 9230 1 9233 2 9236 1 9238 1 9240 1 9439 1 9443 1 9445 7 9459 2 9462 1 9664 2 9667 3 9672 6 9683 3 9889 1 9893 1 9898 2 9901 1 9907 1 9909 2 10108 1 10110 1 10112 2 10117 2 10121 16 10335 1 10347 1 10349 12 10560 2 10569 1 10572 14 10785 1 10793 1 10798 12 11009 1 11014 21 11238 21 11457 1 11459 24 11681 1 11685 22 11902 32 11938 1 11940 1 12127 3 12133 23 12349 5 12356 18 12375 4 12573 5 12579 5 12585 18 12797 30 12833 4 13021 31 13058 2 13247 31 13281 1 13283 2 13473 29 13505 1 13697 31 13730 1 13921 32 14141 1 14144 32 14368 28 14397 1 14589 33 14811 1 14813 31 15035 32 15068 1 15076 1 15258 32 15299 1 15301 1 15481 34 15516 1 15521 5 15705 28 15734 4 15746 3 15929 1 15931 25 15960 2 15969 4 16156 23 16184 2 16192 3 16380 23 16406 4 16416 4 16603 23 16630 4 16639 5 16827 35 16863 6 17050 36 17087 6 17273 45 17495 37 17533 7 17718 22 17741 17 17759 5 17942 21 17966 14 17984 3 18165 24 18190 17 18208 6 18389 41 18433 6 18613 1 18615 50 18840 48 19065 49 19290 47 19512 50 19737 47 19785 1 19959 51 20179 1 20182 1 20184 50 20403 55 20627 56 20849 58 21074 57 21297 1 21299 55 21521 58 21745 58 21970 58 22195 56 22421 54 22643 56 22867 1 22869 54 23092 54 23317 54 23541 56 23765 56 23989 57 24214 1 24217 52 24438 1 24441 52 24663 1 24665 50 24888 50 25111 51 25334 53 25558 52 25781 54 26008 51 26230 1 26232 51 26455 51 26680 50 26905 49 27129 49 27353 49 27577 49 27802 48 28025 50 28076 1 28249 51 28469 1 28472 50 28693 1 28696 50 28916 3 28920 51 29139 1 29141 55 29364 57 29589 1 29591 53 29812 57 30037 57 30257 1 30260 58 30481 1 30484 58 30705 61 30929 61 31152 61 31377 1 31379 59 31601 61 31823 1 31825 3 31829 57 32049 1 32051 58 32273 2 32276 56 32497 60 32721 1 32723 1 32725 56 32945 1 32949 56 33177 52 33401 53 33625 53 33848 54 34072 53 34294 56 34518 55 34741 57 34965 2 34968 54 35188 60 35413 60 35637 58 35863 57 35921 1 36086 1 36088 55 36145 1 36313 53 36369 2 36538 51 36762 50 36985 52 37209 51 37433 53 37657 53 37881 54 38106 52 38330 52 38555 51 38609 3 38613 1 38779 60 39005 59 39229 5 39235 55 39455 1 39457 1 39460 52 39513 1 39680 3 39684 54 39905 1 39909 41 39951 11 40133 49 40183 4 40361 37 40399 5 40405 1 40410 1 40585 44 40809 44 41032 44 41255 43 41299 1 41478 1 41481 43 41701 1 41703 1 41705 43 41755 1 41929 38 41969 4 41980 1 42153 37 42193 3 42377 38 42417 3 42426 4 42598 2 42601 39 42641 3 42651 2 42823 1 42825 37 42864 3 43047 1 43049 37 43089 2 43274 36 43313 2 43497 35 43537 1 43539 1 43722 35 43761 1 43769 2 43946 34 43993 1 44169 35 44217 1 44392 37 44616 38 44839 39 45064 38 45106 1 45288 38 45327 1 45329 1 45331 1 45513 36 45553 3 45738 36 45777 1 45962 36 46003 1 46186 37 46415 30 46639 3 46643 1 46645 23 46865 1 46869 22 47093 22 47319 1 47321 2 47331 7 47555 1 47557 1 47779 4 48005 1
50_res.png,224 224,
51_res.png,224 224,
52_res.png,224 224,
53_res.png,224 224,35217 1 36122 1 36346 2 36564 2 36568 5 36789 1 36793 3 37012 1 37014 1 37016 7 37028 1 37241 3 37245 2 37463 3 37467 3 37689 1 37898 1 37906 1 37908 7 38131 2 38134 4 38355 3 38360 2 38364 2 38581 1 38803 4 38808 7 39030 1 39034 2 39037 1 39253 1 39256 2 39260 2 39481 1 39485 1 39700 11 39713 2 39923 1 39926 8 39939 1 40148 2 40152 6 40159 1 40163 3 40378 4 40389 1 40601 7 40609 4 40826 4 41049 1 41052 2 41057 1 41061 1 41948 2 42396 1 42398 1 43747 3 44640 2 44865 1 45080 1 45082 1 45084 3 45088 3 45307 2 45313 1 45529 5 45540 1 45755 3 45978 5 46202 2 46205 2
54_res.png,224 224,
55_res.png,224 224,
56_res.png,224 224,
57_res.png,224 224,
58_res.png,224 224,9233 2 9457 2 9680 3 9689 1 14445 1 14668 1 14670 1 14672 1 14891 3 14895 1 15115 11 15127 4 15339 9 15349 6 15562 18 15786 17 16012 18 16234 18 16458 1 16460 19 16681 21 16849 1 16906 20 16927 1 16932 2 17129 25 17157 1 17297 3 17301 1 17305 2 17348 1 17353 30 17525 1 17573 1 17575 31 17745 1 17748 2 17796 38 17837 1 17839 4 17969 1 17971 3 18021 37 18061 7 18193 6 18244 41 18286 8 18417 5 18469 49 18641 5 18649 1 18692 50 18867 1 18869 1 18917 2 18920 36 18957 9 19090 4 19137 1 19139 50 19315 1 19362 1 19365 48 19539 3 19585 1 19588 49 19763 1 19765 1 19809 52 19986 8 20030 56 20210 8 20255 55 20434 8 20477 1 20479 54 20658 7 20704 3 20709 49 20883 8 20892 1 20925 58 21109 3 21114 1 21154 1 21156 51 21333 1 21350 1 21380 50 21573 2 21604 50 21782 1 21784 1 21786 1 21796 4 21825 54 22020 5 22049 53 22244 4 22275 55 22470 1 22502 51 22682 1 22694 1 22726 52 22906 1 22918 1 22950 51 23172 54 23397 52 23576 2 23589 1 23620 53 23801 1 23814 1 23843 54 24068 54 24262 1 24293 51 24486 1 24510 1 24516 52 24738 54 24961 1 24963 54 25186 55 25380 2 25409 57 25606 1 25631 59 25829 1 25832 1 25834 1 25853 1 25855 60 26057 2 26079 5 26085 53 26276 1 26281 2 26301 62 26525 61 26725 1 26748 7 26756 54 26949 2 26972 4 26980 54 27172 7 27180 2 27194 1 27196 3 27204 55 27396 9 27406 1 27419 4 27427 57 27620 10 27643 3 27652 55 27845 9 27867 4 27873 1 27877 54 28060 2 28068 11 28090 7 28100 55 28293 10 28314 7 28323 1 28325 54 28512 1 28516 11 28540 3 28544 1 28549 54 28608 2 28736 3 28741 9 28773 54 28833 2 28958 16 28989 2 28996 57 29057 4 29182 16 29214 1 29219 57 29281 4 29404 18 29436 2 29443 59 29504 6 29628 19 29667 59 29728 6 29850 21 29882 3 29891 68 30074 22 30106 2 30114 1 30116 66 30297 1 30299 7 30308 13 30328 2 30331 6 30340 66 30521 2 30525 5 30533 12 30552 7 30560 2 30565 65 30633 1 30744 11 30756 14 30773 13 30788 71 30967 11 30981 13 30997 13 31011 73 31191 10 31203 15 31220 14 31235 73 31417 7 31429 13 31445 11 31457 1 31461 70 31641 10 31652 14 31668 13 31684 72 31865 10 31877 12 31893 10 31909 69 32089 1 32091 7 32099 14 32117 1 32119 7 32132 70 32313 4 32319 1 32321 1 32325 9 32336 1 32343 4 32348 1 32358 66 32425 1 32536 23 32560 1 32567 4 32577 1 32581 69 32761 5 32769 3 32773 10 32792 3 32800 2 32805 67 32873 1 32984 6 32992 3 32996 1 32999 7 33016 3 33024 2 33028 71 33209 5 33224 6 33240 3 33248 1 33254 66 33321 2 33432 7 33448 6 33465 2 33471 3 33476 1 33478 71 33659 1 33661 1 33672 4 33677 1 33689 2 33695 1 33697 1 33701 71 33884 2 33897 1 33920 2 33924 70 34121 1 34143 1 34145 1 34150 64 34344 3 34366 4 34374 64 34440 2 34555 1 34590 2 34598 56 34655 1 34657 5 34779 1 34821 57 34881 5 34889 1 35048 54 35107 3 35229 1 35272 55 35329 6 35497 53 35554 4 35720 54 35777 1 35779 3 35945 51 35997 1 36005 1 36167 55 36226 1 36228 2 36391 53 36451 2 36609 1 36613 57 36673 1 36675 3 36833 1 36837 2 36840 54 36901 1 37057 70 37281 2 37285 66 37505 70 37729 2 37733 55 37789 9 37953 69 38175 1 38177 1 38179 1 38181 65 38399 3 38403 59 38463 7 38630 53 38685 1 38688 6 38842 5 38849 1 38853 56 38913 4 39067 1 39078 55 39138 1 39291 3 39297 1 39301 54 39515 1 39525 53 39738 1 39740 1 39744 2 39748 54 39973 55 40193 1 40196 55 40421 54 40638 1 40640 58 40863 3 40869 52 41087 3 41091 52 41311 4 41317 49 41534 56 41759 5 41765 3 41769 45 41984 2 41988 2 41991 47 42209 1 42213 1 42217 45 42263 1 42265 1 42432 6 42441 47 42665 47 42885 1 42888 38 42929 1 42933 1 43113 35 43332 2 43336 36 43558 1 43560 36 43776 3 43780 39 44000 3 44005 1 44007 36 44224 44 44447 44 44671 43 44895 43 45119 44 45343 43 45565 1 45568 2 45572 2 45576 35 45801 11 45813 1 45817 13 45831 4 46013 1 46025 33 46250 2 46253 1 46255 1 46258 1 46263 19 46460 1 46473 1 46477 1 46481 1 46485 21 46697 1 46705 1 46711 19 46920 2 46929 25 47143 1 47155 1 47157 19 47177 1 47377 1 47379 3 47384 17 47609 14 47833 15 48058 2 48061 11 48281 1 48284 2 48287 11 48505 1 48510 12 48721 2 48728 3 48732 14 48945 1 48947 1 48953 17 48971 1 49169 1 49177 17 49405 1 49407 5 49413 1
59_res.png,224 224,16408 2 17977 1 18201 2 19098 1 22682 1 22684 1
5_res.png,224 224,
60_res.png,224 224,
61_res.png,224 224,
62_res.png,224 224,20876 3 21102 1 21553 1 21770 1 21772 7 21994 2 21997 7 22217 12 22441 11 22662 1 22664 15 22681 2 22889 15 22905 2 23112 14 23127 3 23336 14 23351 3 23548 1 23550 1 23558 1 23560 19 23580 1 23582 1 23584 1 23771 1 23782 1 23784 23 23809 1 23995 3 24008 26 24217 1 24221 1 24232 23 24257 1 24441 9 24454 29 24484 3 24665 3 24669 3 24677 34 24888 2 24892 6 24900 35 25113 1 25117 1 25121 2 25124 34 25336 3 25340 42 25561 46 25786 45 25832 1 26009 48 26234 49 26458 49 26681 49 26904 50 27128 51 27351 52 27575 52 27800 51 28022 1 28024 51 28247 52 28472 50 28696 50 28918 53 29143 52 29367 52 29592 51 29812 1 29814 53 30037 53 30261 53 30487 51 30710 52 30933 1 30935 50 31157 52 31383 49 31433 1 31604 53 31826 1 31829 51 32052 6 32059 45 32279 4 32284 44 32496 58 32719 59 32942 60 33166 60 33390 61 33614 61 33839 59 34063 3 34069 51 34121 1 34286 61 34510 4 34515 56 34734 60 34958 4 34963 53 35017 1 35182 60 35406 59 35631 3 35635 54 35855 4 35861 51 36078 60 36302 59 36526 4 36532 53 36752 1 36757 51 36979 55 37206 53 37429 53 37654 52 37877 53 38101 53 38325 53 38550 52 38774 52 38998 51 39222 49 39446 1 39448 46 39669 2 39672 47 39894 1 39898 46 40122 46 40347 44 40570 44 40794 6 40802 2 40805 17 40823 14 41016 10 41028 17 41048 11 41240 8 41253 1 41257 9 41272 2 41277 3 41464 10 41476 14 41495 3 41501 2 41689 7 41697 1 41699 1 41702 1 41705 8 41719 2 41725 3 41915 3 41921 1 41924 2 41929 9 41940 1 41944 2 42154 8 42163 1 42169 1 42374 1 42378 19 42602 10 42613 1 42615 5 42824 10 42836 1 42839 4 43048 10 43063 4 43272 3 43276 7 43284 7 43292 1 43496 2 43502 6 43509 8 43720 2 43726 4 43731 11 43949 5 43957 3 43961 5 44166 1 44168 5 44174 4 44180 10 44394 1 44398 3 44405 9 44624 2 44629 3 44633 1 44635 3 44859 1 45066 1 45081 3 45290 2 45305 3 45513 4 45529 3 45738 1 45754 1 45977 2 45980 1 46202 1
63_res.png,224 224,23562 1 23566 1 23787 1 24011 2 24459 4 24686 1 25354 1 25803 2 26250 12 26474 1 26479 4 26703 3 26929 1 27146 1 27150 1 27152 5 27371 1 27374 1 27377 3 27596 2 27819 1 27821 1 28043 4 28269 2 28492 2 28938 1 28948 2 29171 1 29174 1 29395 3 29830 1 29832 3 29837 2 29841 1 30054 1 30058 1 30280 1 30288 1 30718 1 30724 1 30736 3 30740 1 30744 1 30947 1 30961 3 31171 2 31179 2 31185 1 31187 3 31614 4 31626 1 31629 1 31636 3 32064 2 32532 2 32538 1 32755 4 32979 3 33203 3 33420 2 33424 7 33434 4 33648 5 33658 1 33857 1 33860 3 33864 1 33872 2 33880 1 34080 3 34085 1 34096 2 34105 1 34302 9 34312 3 34318 5 34324 2 34327 3 34527 9 34537 1 34542 1 34545 1 34547 2 34553 1 34750 8 34763 1 34772 2 34776 2 34977 1 34997 1 35001 1 35198 7 35220 3 35225 5 35425 1 35446 1 35450 4 35676 2 36565 1
64_res.png,224 224,
65_res.png,224 224,
66_res.png,224 224,
67_res.png,224 224,
68_res.png,224 224,
69_res.png,224 224,
6_res.png,224 224,
70_res.png,224 224,15514 13 15738 2 15741 9 15961 1 15964 2 15967 7 16184 3 16189 1 16191 5 16406 15 16630 16 16852 2 16855 15 17077 17 17300 19 17525 18 17748 18 17973 1 17975 15 18195 20 18418 21 18641 21 18865 21 19068 1 19070 1 19088 23 19312 23 19520 1 19535 23 19759 23 19982 24 20206 24 20430 24 20653 25 20860 2 20864 1 20876 27 21086 1 21101 26 21308 2 21312 2 21324 26 21537 1 21545 1 21549 25 21754 1 21760 3 21767 32 21984 2 21990 33 22203 3 22208 2 22212 34 22248 1 22429 1 22431 3 22437 35 22650 46 22874 46 23099 46 23324 43 23546 48 23771 47 23995 47 24219 45 24265 1 24442 48 24666 46 24891 46 25116 43 25338 1 25340 44 25563 45 25787 47 26011 45 26234 47 26458 2 26461 44 26682 1 26684 45 26906 1 26908 44 27129 49 27353 49 27578 48 27802 48 28026 48 28250 47 28474 47 28697 46 28921 48 29145 49 29369 49 29593 49 29817 50 30040 50 30264 50 30488 50 30712 50 30934 1 30936 50 31161 49 31385 49 31608 51 31832 49 32056 50 32280 48 32504 50 32729 49 32954 48 33178 48 33402 48 33626 47 33849 48 34073 46 34297 48 34521 47 34745 49 34969 49 35193 50 35417 49 35640 50 35865 49 36089 49 36314 48 36538 48 36762 48 36986 48 37210 48 37433 49 37657 49 37881 49 38105 49 38329 50 38554 49 38777 51 39002 50 39228 6 39235 41 39453 6 39461 39 39676 48 39899 1 39901 7 39909 1 39911 36 40124 46 40349 2 40353 1 40357 1 40361 33 40571 10 40582 1 40584 35 40794 2 40797 1 40799 1 40807 1 40809 34 41020 2 41029 1 41032 35 41256 35 41466 1 41468 3 41476 1 41478 37 41693 1 41701 1 41704 36 41916 2 41924 1 41928 37 42154 34 42366 1 42377 35 42602 33 42824 2 42827 31 43049 1 43052 28 43081 1 43273 33 43498 32 43722 32 43946 32 44169 34 44393 31 44426 1 44616 34 44840 30 44871 1 45062 36 45288 32 45321 1 45512 33 45737 31 45961 32 46185 31 46409 21 46431 3 46435 3 46439 1 46636 2 46639 13 46653 1 46657 1 46661 1 46860 26 46887 2 47087 1 47089 17 47107 1 47109 1 47315 15 47331 3 47539 4 47544 6 47555 1 47557 1 47762 13 47777 6 47987 3 47992 7 48002 1 48212 2 48215 3 48219 3 48224 1 48425 1 48437 1 48439 3 48648 3 48652 6 48660 7 48668 6 48873 1 48875 9 48885 7 48893 1 48895 1 48897 1 49100 10 49111 3 49115 3 49120 2
71_res.png,224 224,
72_res.png,224 224,
73_res.png,224 224,
74_res.png,224 224,748 2 965 1 969 1 971 4 976 6 989 1 997 1 1000 3 1021 1 1029 1 1186 24 1212 25 1243 12 1409 51 1465 14 1625 1 1632 54 1688 16 1848 2 1855 55 1911 17 2071 5 2077 76 2295 81 2518 82 2741 82 2964 84 3183 89 3405 91 3628 92 3852 92 4076 91 4300 93 4524 93 4748 94 4970 96 5196 94 5421 93 5644 95 5867 97 6089 100 6312 101 6535 103 6758 104 6982 104 7206 102 7309 1 7429 105 7652 106 7876 106 8099 107 8322 109 8433 1 8545 3 8550 106 8769 1 8774 108 8999 103 9222 104 9440 1 9445 105 9664 2 9668 106 9779 3 9887 111 10003 3 10110 114 10226 4 10334 121 10557 121 10781 121 11004 123 11228 123 11452 122 11676 122 11799 1 11900 124 12123 125 12347 125 12571 124 12795 124 13019 126 13243 126 13466 128 13690 128 13914 128 14138 128 14362 128 14587 127 14810 128 15034 128 15257 129 15481 129 15704 130 15928 130 16152 130 16376 130 16600 131 16825 130 17048 131 17273 129 17496 130 17719 131 17943 131 18167 132 18390 134 18616 131 18748 1 18839 133 18979 1 19064 133 19201 5 19287 133 19426 4 19511 134 19649 2 19653 1 19734 134 19873 1 19958 135 20097 2 20182 135 20321 1 20406 136 20545 1 20630 136 20769 1 20854 140 20995 4 21078 136 21215 1 21217 6 21302 136 21441 6 21526 136 21665 2 21669 2 21750 136 21889 2 21973 136 22197 137 22341 1 22421 137 22646 137 22786 3 22869 137 23010 1 23094 132 23228 2 23233 1 23318 132 23541 133 23681 2 23684 1 23765 133 23906 2 23989 136 24131 3 24213 134 24355 1 24436 134 24579 2 24660 133 24884 133 25109 131 25334 132 25557 134 25782 134 26005 134 26230 134 26455 132 26679 131 26903 129 27126 132 27350 133 27574 133 27798 133 28022 134 28246 133 28470 132 28694 132 28918 132 29141 133 29365 133 29589 131 29813 132 30037 131 30262 129 30486 128 30710 128 30933 129 31158 128 31382 128 31605 130 31829 129 32054 124 32180 2 32278 120 32400 2 32405 1 32501 128 32725 122 32848 2 32949 121 33072 2 33075 2 33173 121 33397 124 33622 121 33846 120 34070 120 34294 120 34518 118 34742 119 34966 117 35190 118 35413 118 35637 117 35862 116 36085 118 36309 118 36533 118 36758 117 36982 117 37206 117 37430 116 37655 113 37878 116 38103 114 38328 114 38552 113 38777 112 38999 113 39223 112 39447 101 39550 8 39671 100 39775 7 39895 101 39999 6 40120 99 40224 6 40344 100 40449 4 40569 99 40673 4 40792 100 40897 3 41019 96 41120 5 41245 95 41344 4 41469 94 41567 4 41693 94 41790 6 41917 1 41919 92 42015 6 42143 92 42239 5 42367 92 42463 5 42591 90 42686 6 42816 70 42887 17 42912 2 43041 67 43111 5 43117 10 43264 87 43357 1 43489 65 43556 14 43571 5 43582 1 43712 66 43779 15 43795 4 43804 2 43936 64 44005 10 44019 1 44021 3 44160 71 44233 7 44244 3 44252 1 44385 62 44450 1 44453 1 44457 7 44471 1 44608 62 44671 3 44680 6 44687 2 44695 2 44700 1 44833 49 44885 7 44897 1 44905 2 44913 1 44919 3 45056 66 45128 3 45132 7 45142 4 45280 50 45331 12 45345 1 45352 4 45358 1 45361 2 45367 3 45504 6 45511 39 45551 3 45555 11 45568 2 45576 3 45580 1 45733 1 45736 22 45761 11 45773 1 45777 1 45779 3 45783 5 45789 1 45801 1 45954 1 45956 1 45958 1 45960 24 45985 15 46001 1 46003 12 46025 1 46184 20 46205 1 46209 11 46221 1 46229 3 46233 1 46235 1 46237 2 46250 1 46409 1 46412 2 46415 3 46421 1 46425 1 46432 2 46436 8 46453 1 46455 3 46460 2 46473 1 46633 1 46641 1 46657 1 46661 1 46663 1 46665 1 46681 1 46856 2 46862 1 46864 2 46868 1 46880 11 46903 4 47081 1 47089 1 47094 1 47096 1 47103 1 47105 9 47126 1 47128 2 47308 2 47313 1 47315 6 47329 1 47331 3 47336 1 47356 1 47540 3 47557 1 47754 1 47756 3 47761 6 47769 1 47772 1 47777 4 47804 1 47978 1 47986 5 48002 1 48209 1 48212 2 48216 2 48224 2 48425 1 48433 1 48437 1 48441 1 48449 1 48641 1 48647 3 48656 10 48672 7 48871 3 48880 4 48885 1 48887 3 48897 6 49096 1 49104 5 49112 1 49121 1
75_res.png,224 224,
76_res.png,224 224,
77_res.png,224 224,
78_res.png,224 224,1246 1 1470 5 1693 5 1918 5 2137 13 2361 13 2585 13 2809 13 3033 14 3256 15 3480 15 3704 15 3928 15 4153 14 4377 13 4601 13 4825 14 5049 14 5273 14 5497 14 5721 14 5945 14 6169 13 6393 13 6616 15 6840 15 7064 15 7287 16 7511 16 7735 16 7960 14 8184 14 8408 15 8632 15 8856 15 9080 15 9304 16 9528 17 9752 17 9976 16 10200 17 10423 17 10647 17 10871 16 11095 17 11320 16 11544 16 11768 16 11992 17 12215 18 12439 18 12663 18 12888 18 13111 19 13336 18 13560 17 13784 18 14007 18 14232 17 14455 17 14680 17 14903 18 15128 17 15352 14 15576 15 15801 14 16024 15 16248 14 16472 14 16695 15 16919 15 17144 14 17368 15 17592 15 17816 14 18041 13 18265 13 18488 13 18712 14 18937 11 19160 13 19383 13 19608 10 19832 10 20056 11 20279 11 20503 11 20728 10 20952 11 21176 10 21401 9 21625 5 21631 1 21633 1 21850 1 21852 5 22077 2
79_res.png,224 224,
7_res.png,224 224,
80_res.png,224 224,
81_res.png,224 224,23572 1 24012 1 24469 2 24693 2 25587 1 25811 1 25813 1 26035 1 26037 1 26250 13 26474 2 26477 11 26697 1 26699 13 26921 2 26925 11 27144 17 27368 16 27385 1 27592 18 27611 3 27816 1 27818 16 27837 1 28038 1 28040 24 28261 3 28265 3 28269 11 28281 3 28285 1 28287 1 28485 1 28488 2 28491 15 28507 3 28705 2 28712 4 28720 6 28727 1 28729 1 28928 27 28956 1 29152 15 29168 12 29376 14 29392 13 29601 3 29605 9 29616 12 29820 4 29825 30 30045 1 30051 9 30061 17 30269 1 30275 7 30284 18 30500 6 30510 15 30718 1 30722 9 30732 19 30946 29 31161 1 31170 28 31393 1 31395 1 31397 23 31421 1 31614 33 31837 6 31845 3 31849 3 31853 3 31857 11 32060 1 32062 4 32068 2 32071 3 32080 2 32084 6 32287 3 32293 1 32297 1 32309 5 32504 3 32509 14 32524 1 32529 2 32532 7 32542 1 32546 1 32729 3 32735 13 32755 1 32757 2 32760 2 32770 2 32952 6 32959 7 32967 3 32980 2 32984 1 32989 1 32994 1 33177 11 33189 1 33191 3 33401 17 33428 1 33430 1 33434 2 33438 1 33442 1 33625 11 33637 6 33654 1 33658 1 33849 13 33863 3 33877 1 33881 1 34073 11 34085 1 34087 3 34105 1 34296 18 34520 18 34745 13 34759 3 34773 1 34969 17 35194 17 35418 15 35434 1 35643 15 35867 11 35881 1 36089 17 36118 1 36120 1 36312 18 36345 1 36537 17 36568 2 36761 16 36985 20 37014 1 37018 3 37210 17 37241 3 37433 17 37464 2 37468 1 37658 12 37671 1 37673 1 37689 1 37881 17 37905 2 37908 7 38105 18 38129 11 38329 18 38353 11 38553 18 38579 9 38777 18 38802 12 39001 17 39029 7 39037 1 39225 16 39252 2 39255 3 39259 3 39449 14 39481 1 39673 14 39689 1 39702 1 39705 4 39896 14 39929 3 40121 13 40136 1 40149 1 40152 5 40345 11 40373 1 40570 12 40597 2 40793 8 41020 6 41029 1 41246 2 41469 2 41473 1 41691 1 41693 1 41695 1 41916 2 41925 1
82_res.png,224 224,
83_res.png,224 224,
84_res.png,224 224,
85_res.png,224 224,34316 3 34320 1 34539 5 34763 4 34987 4 35198 1 35206 1 35209 8 35421 1 35433 3 35437 3 35442 1 35645 1 35656 6 35663 3 35881 2 35889 1 36094 1 36097 2 36100 7 36110 11 36317 1 36321 11 36336 8 36537 5 36543 13 36560 5 36568 2 36760 6 36767 13 36781 1 36784 3 36791 3 36984 27 37014 7 37208 27 37237 7 37433 25 37461 1 37463 3 37657 2 37660 10 37671 9 37681 1 37685 1 37880 32 37916 1 38104 23 38130 6 38139 2 38328 21 38353 9 38363 3 38554 12 38569 2 38578 6 38588 2 38778 13 38793 2 38798 1 38800 14 39002 14 39018 1 39025 13 39225 1 39227 11 39241 1 39248 10 39259 3 39449 1 39453 7 39473 1 39479 5 39672 13 39686 1 39688 3 39698 1 39700 1 39702 9 39714 1 39894 1 39897 12 39913 3 39923 1 39927 5 39934 1 39939 1 40121 19 40147 3 40151 7 40160 6 40345 18 40371 1 40373 1 40375 5 40381 1 40385 5 40569 45 40793 19 40813 14 40829 8 41017 1 41019 15 41036 14 41052 9 41244 15 41261 13 41275 10 41465 1 41468 41 41691 21 41713 20 41915 3 41919 39 42140 3 42144 36 42363 4 42368 40 42409 1 42589 39 42629 4 42816 42 43040 30 43071 4 43076 6 43264 42 43487 42 43712 40 43935 4 43941 33 44159 40 44383 39 44608 38 44832 2 44835 35 45056 38 45280 4 45285 2 45289 1 45291 27 45504 2 45508 2 45515 27 45740 24 45962 29 46186 24 46213 2 46409 1 46412 2 46415 19 46437 1 46633 1 46641 1 46643 13 46657 1 46856 3 46865 15 46882 1 46884 1 47081 2 47090 12 47304 4 47313 13 47529 1 47538 12 47746 1 47750 5 47761 14 47782 1 47977 1 47985 13 48201 1 48205 1 48209 13 48425 1 48433 10 48646 9 48656 11 48668 1 48673 1 48870 8 48879 5 48885 7 49096 4 49101 1 49104 11 49321 1
86_res.png,224 224,
87_res.png,224 224,
88_res.png,224 224,
89_res.png,224 224,
8_res.png,224 224,
90_res.png,224 224,
91_res.png,224 224,
92_res.png,224 224,
93_res.png,224 224,
94_res.png,224 224,14609 2 14612 3 14617 5 14823 3 14833 4 14841 4 15047 2 15057 13 15283 4 15288 6 15494 1 15499 4 15505 6 15512 6 15722 2 15730 6 15737 4 15945 1 15949 1 15952 2 15956 8 16167 1 16175 1 16183 4 16393 1 16401 1 16408 3 16627 1 16631 1 16633 1 16852 2 16855 3 17077 1 17080 2 17085 1 17291 4 17296 18 17514 25 17737 25 17959 28 18177 1 18182 31 18403 35 18441 1 18621 1 18623 39 18664 2 18845 41 18888 2 19068 47 19291 44 19513 1 19515 43 19561 1 19738 44 19785 1 19961 49 20185 50 20405 1 20408 46 20455 5 20632 51 20854 53 21078 45 21125 6 21302 44 21348 2 21351 1 21353 1 21527 43 21573 1 21577 1 21750 52 21974 1 21976 50 22200 52 22424 51 22646 53 22870 53 23095 51 23319 51 23542 53 23766 53 23992 51 24216 50 24438 1 24440 50 24664 49 24888 48 25112 46 25159 1 25334 52 25558 1 25560 48 25609 1 25784 50 26008 49 26230 53 26456 51 26680 50 26904 50 27128 51 27352 52 27576 53 27801 51 28022 1 28024 51 28247 50 28298 1 28472 46 28695 47 28920 50 29144 50 29368 50 29592 50 29814 52 30039 50 30264 49 30488 46 30535 1 30537 1 30710 52 30936 50 31160 50 31384 50 31604 54 31829 53 32053 53 32280 42 32323 3 32327 1 32500 53 32726 1 32728 49 32952 46 32999 2 33176 49 33397 1 33400 49 33624 49 33848 47 34072 46 34296 46 34518 1 34520 42 34563 3 34744 46 34792 2 34970 38 35009 1 35013 1 35017 1 35193 46 35418 40 35641 41 35683 3 35865 2 35868 39 35909 1 36089 46 36136 1 36313 45 36539 43 36765 42 36987 44 37210 1 37214 6 37221 34 37437 1 37439 3 37447 31 37673 13 37687 4 37693 9 37885 4 37896 19 37916 10 37928 1 38109 2 38120 34 38332 2 38344 22 38367 11 38569 21 38593 8 38781 2 38790 1 38793 21 38817 8 39015 1 39018 14 39034 2 39042 5 39247 3 39251 3 39265 1 39267 3 39473 1 39477 1 39696 2 39699 4 39921 1 39923 1 39925 1 40148 2 40156 1 40163 3 40589 2 40612 2 40826 1 41040 1 41257 1 41480 3 41496 2 42390 1 42614 1
95_res.png,224 224,
96_res.png,224 224,24474 1 24476 2 24698 1 24701 1 24924 2 24929 1 25145 1 25368 3 25593 1 25595 1 25816 5 26042 2 26266 3 26490 2 28508 2 28956 1 29179 1 29404 2 31643 1 31645 1 32089 1 32537 2 32763 1 32987 1 32989 1 33435 1 33437 2 33888 1 34328 1 34337 1 34550 1
97_res.png,224 224,
98_res.png,224 224,41494 1 41941 1
99_res.png,224 224,3865 2 4762 1 6526 2 6750 2 6975 3 7201 1 7425 2 7428 1 7430 1 7446 1 7448 3 7649 4 7671 1 7673 3 7869 1 7871 1 7873 5 7880 2 7892 2 7895 7 8093 1 8096 2 8101 1 8105 1 8109 1 8117 2 8120 6 8316 35 8541 1 8543 7 8551 24 8764 16 8781 21 8804 1 8989 13 9003 1 9005 19 9025 1 9214 18 9233 25 9434 2 9437 1 9439 17 9459 23 9658 3 9662 17 9682 25 9882 2 9886 17 9906 25 10105 52 10330 2 10333 47 10556 46 10603 2 10780 48 11004 49 11228 48 11452 49 11676 49 11899 50 12123 49 12348 49 12400 2 12405 1 12571 50 12625 1 12794 53 12848 5 13017 53 13073 4 13240 54 13296 6 13464 60 13525 1 13688 63 13911 64 14135 63 14359 63 14582 1 14584 67 14806 69 15029 1 15032 67 15253 1 15256 67 15477 69 15702 67 15925 62 15989 4 16150 60 16373 62 16597 59 16659 1 16821 58 16881 1 16883 3 17046 57 17105 1 17109 1 17270 65 17493 66 17717 66 17941 68 18164 69 18389 69 18613 69 18837 65 18903 3 19062 65 19128 2 19286 66 19510 65 19576 2 19733 65 19957 66 20024 2 20181 65 20247 2 20405 69 20629 69 20852 71 21077 70 21300 71 21525 69 21595 1 21745 2 21748 71 21969 1 21971 72 22195 72 22420 71 22643 72 22868 71 23092 70 23317 69 23540 70 23763 71 23988 70 24213 69 24430 1 24437 69 24661 69 24884 69 25105 1 25109 69 25328 73 25553 72 25776 73 26000 3 26004 69 26222 75 26446 74 26670 73 26894 73 27118 73 27192 2 27342 73 27416 1 27566 73 27640 2 27790 72 27863 3 28014 76 28238 76 28463 75 28687 3 28691 71 28913 73 29136 74 29359 75 29583 63 29647 10 29806 75 30031 73 30254 74 30478 72 30701 73 30926 72 31149 74 31374 72 31598 73 31823 73 32046 75 32271 75 32493 77 32717 77 32940 77 33165 73 33239 1 33388 75 33464 1 33611 77 33836 75 34061 73 34285 73 34509 73 34732 75 34957 75 35181 76 35405 76 35630 74 35855 73 36078 74 36302 74 36527 73 36752 4 36757 65 36974 73 37200 3 37205 66 37424 2 37428 66 37647 3 37652 66 37870 72 38094 1 38096 70 38320 62 38384 5 38545 1 38549 57 38609 4 38769 1 38774 56 38833 4 38999 55 39055 6 39222 56 39281 1 39447 53 39501 1 39670 54 39895 53 40117 54 40344 51 40565 2 40568 52 40791 53 41013 1 41015 53 41239 53 41462 55 41686 54 41909 55 42133 55 42357 55 42582 54 42807 52 43031 51 43254 52 43478 53 43704 51 43929 50 44153 53 44377 53 44600 54 44824 54 45048 53 45272 52 45496 53 45721 51 45946 51 46170 50 46394 50 46619 49 46842 1 46844 47 47067 48 47291 48 47515 47 47738 48 47962 48 48188 45 48414 42 48632 1 48634 1 48637 43 48857 47 49081 1 49083 3 49087 39 49312 30 49343 3 49545 11 49559 1 49561 1
9_res.png,224 224,
